,user,location,tweet,favorite,sentiment
0,DKS_Arsenal,"Denver, CO",@RoysWinBigly @SportsWithDara Moron,0,negative
1,AFC_Po,,@Arsenal congratulationsâ¤ï¸,0,positive
2,kalebzon,Abuja,@Arsenal What's Pepe Jr jersey number?,0,positive
3,tarazona20141,EspaÃ±a,"âš½ï¸Finalâš½ï¸
@NorwichCityFC 0-1 @OfficialBHAFC 
@LCFC 3-0 @CPFC 
@ManUtd 5-2 @afcbournemouth 
@Wolves 0-2 @Arsenalâ€¦ https://t.co/f20hboFFBy",0,neutral
4,edeemann,"Lagos, Nigeria",@itykay @Arsenal Pretend like you didnâ€™t see were I congratulated him,0,positive
5,ryanafc26,"England, United Kingdom","@Harj_Ajimal @RFFH Here you go bum, very common. Stop even obsesseing how arsenal pay for transfers, tragic fanbaseâ€¦ https://t.co/LHSRxLvwwC",0,negative
6,SoundlessTis,Abuja nigeria,@YC7__ @Arsenal We love you too,0,positive
7,azrxthx,in my handmade heaven,Doubt heâ€™d be interested in Napoli :/ or Arsenal as a matter of fact ğŸ˜¹ https://t.co/zTTCCoCiNB,0,neutral
8,stephen_funso,Nigeria,Congrats Pepe https://t.co/M0P8gPBZM4,0,positive
9,ArmstrongJego,"Brooklyn, NY",@ltarsenal Stop it. Just stop. How many trophies have we won? How many top 4 finishes have there been since he arriâ€¦ https://t.co/XiAUNRPNTP,0,positive
10,Nymdok,State of Contemplation,"I enjoy soccer/futbol, But there are way to many red teams.
Arsenal, ManchesterU, LIverpool and Bayern Munchen. https://t.co/GyF4yfwyDP",0,positive
11,davie_mativo,"Nairobi, Kenya",@ftblChrisTHFC @Arsenal Nincompoop!,0,neutral
12,1013Mbk,Islamabad,@TheFergusonCode @SabeehaMajid When did Arsenal start playing the Premier League?,0,negative
13,zim_football, Zimbabwe/UK&SA,"Marvelous Nakamba was an unsed sub  as Aston Villa lost 0-2 to Liverpool 

can #astonvilla stay up?

 Next fixturesâ€¦ https://t.co/Gtm65Apyy8",0,negative
14,AfcAdi,Hindurastra ,Xhaka fans ironically saying Lacazatte signing is the black day for Arsenal club with a straight face. https://t.co/YQKVh6vRIt,4,negative
15,HaqRasheda,,@OliverRMills Or literally just ask - the most powerful tool in a teacher's arsenal is admitting when you need help. Model what you preach,0,positive
16,richardbrown31,"England, United Kingdom",@nikospolydorou @Arsenal Bet you're great fun at party's,0,positive
17,GoonerBrian321,"Melbourne, FL",@Arsenal Thatâ€™s awesome! Congratulations Nico!,0,positive
18,nate_noodle,,i've been using the janitor skin in arsenal a lot idk why lol #robloxart https://t.co/C6b4A4ULDO,2,positive
19,AmosKasibante,,@DavidLumansi Y always Arsenal ğŸ™‰ğŸ™‰ğŸƒ,0,neutral
20,golden_boyy1,United Kingdom ğŸ‡¬ğŸ‡§,@GeneraIAbz Loool why you cappin? Is this how much arsenal fans trigger you lot ğŸ˜‚ you man just won a game and youâ€™râ€¦ https://t.co/lNZ7QsCBPg,0,positive
21,emmanuel_cfc,,Wish I wouldn't say so but arsenal wins or draws and Aston villa manage to get something out of united a draw at leâ€¦ https://t.co/Sm00yS1ybL,0,positive
22,masixole_n,"Randburg, South Africa","Laca's first touch was on point for the 2nd goal was class, made it look too easy https://t.co/7WYjz8QNzU",0,positive
23,KabeloMashwe,"Pretoria, South Africa",@curtisshaw9 @Arsenal I would like DoucourÃ©,0,neutral
24,GavinG1805,"Omagh, Northern Ireland",@Arsenal_212 @jillduddy24 I'm looking now,0,neutral
25,arsenal_mo,,@HajimeNoHamza Zoro will body your favorite and is the strongest how about that,0,positive
26,Arsenalfanblog,,@Pulisicszn4 @PastorFreddo @afcjxmes @arsenadam Isnâ€™t it time for high school yet? Clubs like Arsenal have true hisâ€¦ https://t.co/5YBX6VieNh,0,positive
27,NatinelIi,19,@YC7__ Sign for the arsenal womens team n ill rep you ğŸ‘€,0,positive
28,young_xon,over|the|ğŸŒ’|Ibadan,@EduardoHagn @Arsenal You read it wrong bro,0,negative
29,ottermeal_media,,"doing ARs takes so much out of me ğŸ˜ª i put my entire arsenal (hands, tools, patience, soul) into them and i really hâ€¦ https://t.co/ZncooHNErC",0,positive
30,joshiano3,,@Arsenal The team is improving so..every one is buying into Arteta ideas..the trend will continue this week..Auba is signing Da ting..,0,positive
31,roscoe_2000,"North West, England","@Nickpool1 @Corballyred I personally think we've got exactly what we bought. Poor, injured, fantastic, game changerâ€¦ https://t.co/g7Q218I96L",0,neutral
32,genious_lazy,,"@AFCAbiyu After working so hard to make a name for himself in a mediocre team, you now want him to join Arsenal? Diâ€¦ https://t.co/tCXH2tUbAu",0,negative
33,Short_Vic,,just checked the next fixtures... all i can say is Arsenal has a very high chance of finishing 5th. if they win most of them,0,positive
34,FIndexInsight,"London, England",@Indexinho1 I said their prices would get closer. This was tweeted in January and Martinelli only got injured two wâ€¦ https://t.co/5fj641svNp,0,positive
35,miguelrios__,London & Europe,Did anyone notice Mikel Arteta shouting instructions constantly to Dani Ceballos during the Arsenal v Wolves match yesterday?,0,neutral
36,GallardoIzMe,earth,@NkosikhonaNdlel @goal remember you're in an abusive relationship with arsenal ğŸ˜Š,0,negative
37,MartinaQ12,,Class player with a class attitude delighted he has a new contract Arsenal â¤ï¸ https://t.co/AXn46wbC5B,0,positive
38,purelyarsenalFP,,@anthonypalm @LLcoolJames91 @Jack10Gooner @Neilby70 @ArsenesGlasses_ @Arsenal @m8arteta @FTR_Pod Ty so much always!,0,positive
39,Arsenal_212,UK,"@GavinG1805 @jillduddy24 3 big games left tonight 

Anychance of one more betbuilder ğŸ‘€",1,positive
40,BlaneyBofficial,London,@DaveOCKOP Fun fact ... Liverpool would be 2 pts above arsenal if only Liverpoolâ€™s home games counted this seasonâ€¦ https://t.co/BoeiAZpjkD,0,positive
41,BrightWallan,"Lagos, Nigeria",@YC7__ @Arsenal It will end in yearsğŸ’¯ğŸ˜’ğŸ˜’ğŸ˜’,0,negative
42,ilkerkanda7777,"embakasi,Nairobi",@Arsenal Congratulations pepe,0,positive
43,KingDipper10,Planet Earth,@ayinla_mayowa1 @goal You too try to assimilate what I said cause I donâ€™t remember putting in the words â€œbetter thaâ€¦ https://t.co/tKINDoHir8,0,positive
44,tomrobbo89,"Norwich, England","@ModernLepra @MiguelDelaney Talent wise he's good enough for a top 6 side, maybe not a title challenging side. Moreâ€¦ https://t.co/xAjR64OdIP",0,positive
45,Carlito_777,Puerto Rico,It's imperative that we extend Aubameyang's contract to help develop our academy youths and also he can attract gooâ€¦ https://t.co/k54o9ii3oj,1,positive
46,Matt45030408,,Ox has a patch of bad form and Arsenal fans pipe up like he wouldn't walk into their mid table side ğŸ¤·â€â™‚ï¸,0,negative
47,jennjaypal,New York,"No matter the event, my go-to advice is to have phrases or topics to say or pivot to beforehand so youâ€™re prepared.â€¦ https://t.co/hnVg3UE0dw",1,positive
48,Jemidelaju,,@Victorye_ Arsenal fan leave himğŸ˜‚,0,neutral
49,gunnerstuff,,Arsenal are heavily interested in Allan Saint-Maximin. They have been in contact with the players camp. [le10sport],2,positive
50,fadojuadebowale,Lagos,What a beautiful week https://t.co/AarmbKYEK3,0,positive
51,Green86Jd,JohnGreen,Watford have Man City and arsenal last two games. If weâ€™re around the same points as them by then. I believe we staâ€¦ https://t.co/lQsKnO9APK,0,positive
52,isobaII,manchester/baghdad,Arsenal fans when they were celebrating Pepe having more goal contributions than Daniel James type beat ğŸ˜­ğŸ˜­ğŸ˜­ğŸ˜­ğŸ˜­ğŸ˜­ https://t.co/JyJ1avEPnB,0,positive
53,TheUnagi_,"Lagos, Nigeria",*Arsenal https://t.co/Cdgv9S9Ipq,0,neutral
54,UtdRob_,,@YC7__ Could probably start for arsenal tbf,1,neutral
55,FrancisMwesigy1,,@AnkoleSon @faithkwizera2 @BamurebeP @Arsenal @Atuhairecarol10 @ForeverVishan @aaubry256 @Arnoldtugumegm1â€¦ https://t.co/c7rzqFqvWy,0,neutral
56,Silvio_2615,,"@fasasisanchez @victorosimhen9 Like arsenal defense...oh, nothing is more scary than arsenal defense",0,positive
57,thfcrueben,â€˜20,"You either rate Lo Celso or you havenâ€™t watched him, heâ€™s unreal, would walk into Arsenalâ€™s team and would be yourâ€¦ https://t.co/2d0PAaFIWW",12,negative
58,tidal_league,"Halifax, Nova Scotia",@Arsenal Congrats! ğŸ™ŒğŸ’¯,0,positive
59,Young18Yummy,,@M4NCH3STERISRED @Reemzestilo Remember him giving Rasford the cross for his header against Arsenal,0,negative
60,ham44_orrell,Horsham,@Arsenalfan401 @F1 Lewis is an arsenal fan. What were you saying?,0,positive
61,Abdul_Habib9,,@jkaffs @PeterAdeniyi7 @Arsenal You do remember that you have Man City in semis right....,0,positive
62,Smyiler,,"@talkSPORT 1979 FA cup final, Arsenal vs. Man Utd.",0,neutral
63,itykay,Forever land,@edeemann @Arsenal You mean he doesnâ€™t deserve to be a dad ğŸ¤”,0,negative
64,satwetwe,Ghana,"@GainsOracle @Arsenal @premierleague @BukayoSaka87 Can't wait to see our activities,my worry is,are the Kroenkes reâ€¦ https://t.co/XAXqnS2uCy",0,positive
65,OlusojiOlumuyi0,"Oyo, Ibadan, Nigeria",@Arsenal Good news from hospital,0,positive
66,Not_Mthunzi,Malawi,@Pixie_MW @goal He should go to where? Arsenal??ğŸ¤£ğŸ¤£,0,negative
67,AbuB105,"Liverpool, England","@LGAmbrose He didn't prefer playing on the wing in Arsenal. With him playing in midfield, you could see so much morâ€¦ https://t.co/W0Y9GsPT7R",0,positive
68,DivaYnwa,,@LFC Have more wins than United and Arsenal combined #JustSaying,0,positive
69,asemota_james,,@AFTVMedia Well i feel like he want to stay and play for the Club but Nobody knows it's both Arsenal &amp; Madrid...ğŸ˜¤,0,negative
70,kevinfalvey14,"Painesville, OH",@jsfalvey16 @Arsenal @Joel_McAndrew Love the energy he brings.,0,positive
71,kristiesmewis,chase center,why are you friends with arsenal fans? â€” why wouldnâ€™t i be?? as long as they can take the banter iâ€™m here for any fâ€¦ https://t.co/mFmjHzVDMi,0,positive
72,KipametVasco,"Kajiado, Kenya",@Arsenal @premierleague @BukayoSaka87 Awesome ğŸ‘,0,positive
73,OssDeux,afcprimms head,@CatenaccioEra Heâ€™s off to Arsenal Iâ€™m afraid,0,negative
74,livemethodical,London,@ronkelawal Even Woolwich has an even smaller divide. The Arsenal Complex &amp; Woolwich Town Centre. Itâ€™s walled off.â€¦ https://t.co/vB0yAco3NP,0,positive
75,RegBlackScarf,London,"https://t.co/zLh76qvI9P

Get on this and do an Arsenal lad a favour",0,neutral
76,DesiGoonerMD,"Maryland, USA",@Thomaspartey22 @EMYAfrica Arsenal hive undefeated ğŸ˜,0,neutral
77,YC7__,emirates,Trained with the Arsenal training kit &gt;&gt; https://t.co/Fvq6Q5d2tK,89,positive
78,bomaboyle,"Port Harcourt, Nigeria",@Arsenal Congratulations Nico,0,positive
79,fortune_natus,On a higher ground,"In a space of a week
Arsenal has had Saka score a goal
Man Utd has had Greenwood score goals
Man City has had Fodenâ€¦ https://t.co/UDRGl3OTvL",0,positive
80,thomashinojosa_,,"S- HAPPY SUGAR RAY DAY!!! Clean house, 4 mile run, and Arsenal win!!! good vibes only #everymorning #fly",0,positive
81,globoycupid,"Galt, CA",@SteveWa92027601 @ManCity Way better than shitclub ARSENAL!!,0,neutral
82,OlusojiOlumuyi0,"Oyo, Ibadan, Nigeria","@Arsenal Ever green, total commitment",0,neutral
83,Abayoro_02,"Lagos / Abuja, Nigeria",@Gidi_Traffic @gidifeedtv Why everyone saying Arsenal ğŸ˜…,0,positive
84,SPARKLYN_SHY,Privet Drive,"Why can't Arsenal take David Silva on a free tho. I would take him without blinking twice. Use him as a role model to Saka, Willock, ESR.",0,positive
85,Arsenal__Crazy,"Dhaka, Bangladesh",@justclassreally I follow back,0,neutral
86,gvn_kisaka,,"@ndegwapower @ChombaOfficial I already support Arsenal, uku nimekuja straight to the winning team tu, hakuna negotiation ğŸ˜‚ğŸ˜‚ğŸ˜‚",0,positive
87,c_kanje,,@Arsenal @LacazetteAlex Phenomenal indeedâœŒï¸ğŸ¤«,0,positive
88,JosephJanerique,"Stockholm, Sweden",James Rodriguez to Arsenal on still,0,neutral
89,TDGHumphrey,"Texas, USA",Who should @Arsenal get? I personally like Cantwell and or Grealish as possibly cheaper options to Ceballos in midfield.,0,positive
90,_sakalinho,,@grimptinho Not an Arsenal player my g,1,negative
91,ejeh_andy,"Lagos, Nigeria","@Arsenal @LacazetteAlex This guy is very good, need more playing time",0,positive
92,dacoldest_ncube,Rack City Beach,Arsenal has a chance of replacing Chelsea in the Top 5 than United based on remaining fixtures https://t.co/ZnQH7DtEPO,0,positive
93,SeaaaaMannnn,â—¢â—¤,"@Jist_Arsenal Cash in on him?ğŸ˜‚

He's not Arsenal's entity, is he?",0,positive
94,CameronStroud72,"Bangor, Northern Ireland","@IconicUnited @zaMUFC2 @NG_________ Yeah I am, still go to more Arsenal games than all you fanboys who live round the corner.",0,positive
95,HollieAgombar,"Eastleigh, England",Iâ€™m going into hiding if both arsenal and saints finish above us. Legit my worst nightmare ğŸ˜‚ cheers @SpursOfficialâ€¦ https://t.co/nAtnU9U8x3,1,negative
96,DailyStar_Sport,United Kingdom,"Chelsea fans hail Ashley Cole a â€™true blueâ€™ after Arsenal â€˜snubâ€™ on TV | #CFC

https://t.co/CyEdh058B4 https://t.co/OoxJEHZlFk",1,neutral
97,DarrylKnee,,Looks like Stones played his last game for City. Arsenal and Everton rumoured to be interested.,0,positive
98,AbnerFl82157681,,@ROLVeStuff thereâ€™s a hacker in this arsenal I forgot his username,0,negative
99,FlairLikeSaka,,@UtdOtfd @Arsenal You're not funny g,0,negative
100,whiskey_soaked_,"West Hollywood, CA",@HectorBellerin @424onFAIRFAX @Arsenal I live pretty close to that place!,0,neutral
101,ClockEndJamesXI,ğŸ´ó §ó ¢ó ¥ó ®ó §ó ¿ğŸ‡·ğŸ‡¸,@jbladeee @AFTVMedia Loool only big game Lacazette has played in for Arsenal was the Europa League semi final in 20â€¦ https://t.co/lENfTfH5Tb,1,positive
102,lord_xbox,In Fokin Orbit,"@PlayWarframe arsenal riven mod (boosts any stat on anything)
the possibilities are endless!
(plz dont make it a thing...k tnx)",0,negative
103,BossyFm,Sarf East London innit,"Live from 21:100, Season 10 continues, We are unbeaten in all competitions, could we have an Invincible Season! Joiâ€¦ https://t.co/Or6EhtLHbC",0,positive
104,_Marl0n,Pick me Twitter,How you expect Arsenal to lose a Twitter poll? ğŸ˜‚ğŸ˜‚ğŸ˜‚ğŸ˜‚ https://t.co/gcWwNKOo0P,0,negative
105,Acejeannartey,"Koforidua, Ghana",@Arsenal A decent week to announce the deals @Arsenal,0,positive
106,IVishalChandel,"Mandi, Himachal Pradesh, India",@Arsenal Congratulations manğŸ¥‚,0,positive
107,llewinzabayomi, lagos,@theolaoflagos_ Arsenal,0,neutral
108,Afrikuz,,@MirrorFootball @Robbie9Fowler Why is the British Media after this man though? Focus on Arsenal and United.,0,positive
109,Gooner_Eurychus,Follow Me âš½ ,"In a scale of 1-10, where would you rank Bukayo Saka's performance at Arsenal this season?",16,positive
110,Nick_Forrister,,Reminds me of the pinger @youngy18 scored against Arsenal in the 8-2 demolition https://t.co/skpfClvCnA,0,negative
111,NickPowch1995,"England, United Kingdom",Will Arsenal sign both Upamecano Partey this summer?,0,positive
112,OlRidwan,Everywhere.      ,Congratulations to him ğŸ‘ğŸ¿,0,positive
113,l_searle003,"South East, England",@atobfitness @juIianAFC @CFCHale Times change mate reputation changes Iâ€™m sorry but arsenal are not as big as theyâ€¦ https://t.co/UXsQcPB6gP,0,negative
114,YungYins,in your mind,"@Arsenal Boy or girl???
Or both???",0,negative
115,gaisha94,"Maryland, USA",@RealOneMicKE @DMVSoccerDotCom @RealOneMicKE worry about your @Arsenal having another below par season .,0,positive
116,MacGaiveeerr,Malaysia,Crucial remaining games for the boys. Let's keep the momentum. How many points we'll get?  @Arsenal #COYG #Gunnersâ€¦ https://t.co/cM6XjGWzYA,0,positive
117,TYLERAFC16,"London, England",@Thomaspartey22 @EMYAfrica Arsenal,0,neutral
118,AFCfantalk1,,"@arsenadam Would Mane score 30 goals at Arsenal? Absolutely not. Would Auba score more at Liverpool, without question.",1,positive
119,Arsenal__Crazy,"Dhaka, Bangladesh",@fbalogun67 I follow back,0,neutral
120,AkinolaKoleola,"Lagos, Oyo-Igboora, Ogun-Ilaro",@magmal11 @BhabaFlo Plls no give us assignment wey no concyne us abeg!  Me masef I go kuku prefer make we no smellâ€¦ https://t.co/6lPRcTCGD2,0,negative
121,JackCZinto,,@SteveWa92027601 @motopp1 @LFC @premierleague still has more trophies in the past decade than arsenal ğŸ¤£,0,positive
122,temiteelil,,@___Kola @OmoKiikan lol you this arsenal fool ğŸ˜‚,0,neutral
123,CooldamXbone,"Lagos, Nigeria",I love Arsenal https://t.co/Jqo99jWVwG,0,positive
124,GeoffArsenal,London. ,"Supposed to be bang on this, and both Martin &amp; Ronan are The Arsenal. ğŸ‘ŒğŸ» https://t.co/AlfT1TP7Ff",0,positive
125,sonny_johnson99,,@shanetcurran @Arsenal *quiet. Come on man.,0,neutral
126,lewis_markham,,"This is such an underrated goal. For a man who hasnâ€™t scored away from home in the league since last February, he tâ€¦ https://t.co/dgDk8dk0ci",4,positive
127,Therealwhizdomo,"Lagos, Nigeria",I won't be a gooner in Jesus name. I'll continue to declare the works of the lord in the land of the living. https://t.co/8HA89WmJB0,0,positive
128,IbadNaek,LFC & Internets,"#lfc - need 11 points out of 15 to get for the big 100. 

Brighton (A)
Burnley (H)
Arsenal (A) 
Chelsea (H)
Newcastâ€¦ https://t.co/0m8DfSQHlB",0,positive
129,MaseTMT,,@LGAmbrose Iâ€™ve always said that. I donâ€™t see a massive improvement compared to his time at Arsenal. He had great gâ€¦ https://t.co/8Dmt528JnU,0,positive
130,katiemccbe,fan acc,arsenal v reign rematch very needed imo i wanna see allie long square up to katie mccabe ğŸ‘ğŸ¼ğŸ‘ğŸ¼ğŸ‘ğŸ¼ğŸ‘ğŸ¼ğŸ‘ğŸ¼,10,negative
131,nuurist,Addis/Mogadishu/Nairobi,@Asmali77 @_Yasmin_Ahmed We shall rejoice with you - Arsenal hatuna chuki!,1,positive
132,edidiongcamilus,"Abak, Nigeria",@hashtagtsweets Man U and Arsenal disappointed u yesterday I wonder how u felt,0,negative
133,ifechukwude_a,Ibadan,Congratulations Pepe https://t.co/ViESqFTiQf,0,positive
134,Jxck_ltfc,,@barryEast34 @ed_afc @Arsenal Howâ€™s 10th place looking rn? We left it just for you to sit hope itâ€™s warm there,0,positive
135,hitscharming,,"ArsenalÂ could sell French midfielder Matteo Guendouzi, 21, France forward Alexandre Lacazette, 29, or Uruguay midfiâ€¦ https://t.co/LFJXFsa3xg",0,positive
136,DisconcorMiles,"Enugu, Nigeria",@EddieLongbridge @goal Arsenal fanğŸ˜ğŸ˜ğŸ˜,0,neutral
137,ShettyAravind,Mangalore,"@EduardoHagn As much as I want him to at Arsenal ,he is going to AC Milan .",0,neutral
138,ConorMallon10,,@TheRedmenTV So we'd be still above Arsenal ğŸ¤£ğŸ˜‚,1,positive
139,chrispitsfaxx,,@PereiraRion U mean 7 points above relegation bruh y u getting Arsenal here,0,positive
140,moweava,Gloucester / UK,@Ibbibham @OptaJoe @curtisjr_10 @MoSalah @premierleague @LFC How many golden boots did Henry get at Arsenal and howâ€¦ https://t.co/dVWRzqybHA,0,positive
141,RomeoLFC,United Kingdom,"@TLister77 A brighton
H burnley
A arsenal
H chelsea
A newcastle

Last 3 games are a bit dodgy. But we should be breaking citys record.",0,positive
142,LABU11Y,"Los Angeles, CA","@Timbaland when the other side did this people ignored, now since black men are showing they too have arsenal, itâ€™sâ€¦ https://t.co/bWESxS5pOt",0,positive
143,mtkigz1,"England, United Kingdom","Villa's remaining fixtures:
Man Utd (H)
C. Palace (H)
Everton (A)
Arsenal (H)
West Ham (A)

All tough matches for tâ€¦ https://t.co/gv8loxTA0W",0,negative
144,jamez_don,Living,How old were u when u discovered FIFA means football Isnt For Arsenal?,0,negative
145,Arsenal_Design,deep inside my own head.,Fuck. Its 2 inches to short to route through the back. So there's gonna be a ugly ass wire going through the case. https://t.co/mRacPuZUvi,0,negative
146,ahmad_gooner7,"Lahore, Pakistan",@Arsenal CONGRATS PEPEâ™¥,0,positive
147,JackCZinto,,@SteveWa92027601 @motopp1 @LFC @premierleague Rhian brewster has more trophies in the past 10 years than arsenal.,1,positive
148,AFC_ADS,"London, England",@CFCJamier @afcxmatt @Arsenal Running down the wings for our womenâ€™s team,0,negative
149,SportEdge3,"Kampala, Uganda",".@Arsenal forward Nicolas Pepe and his partner welcomed their first child yesterday. ğŸ‘¶ğŸ¾

Congratulations. ğŸ’ğŸ‰ https://t.co/KBRsikafg5",0,positive
150,RemmyEmmy21,,@Crazy_Nairabian Arsenal loss,1,negative
151,asemota_james,,@Arsenal Awww Congratulations to his wife and him ğŸ–¤ğŸ¥³âœŠ,0,positive
152,iampalmrose,Enugu,@Arsenal Congrats bro,0,positive
153,wheezypro2,"Lagos, Nigeria",@Arsenal Congrats,0,positive
154,lavellecult,s/h,"chelsea fans twerking for miss long purely because scar who she replied to is an arsenal fan, pls helpğŸ˜­",9,positive
155,LFCKentSE1,,"Looks like we need to get 6 points from Arsenal, Chelsea and Newcastle to break the 100 point mark. #lfc #100points #records",0,positive
156,hbrabim10,New York ,@ItsBrunoUno1 @F3RGIET1ME @roguenation99 @TheBeardedRauI There were not that many clubs Back then. All the top Playâ€¦ https://t.co/bBBQgCwQAE,0,positive
157,SockLib,,@thesupercheckm1 Iâ€™m just gonna find a way to set off the United Statesâ€™ nuclear arsenal because if that happens thâ€¦ https://t.co/uu9QXqUTnT,0,negative
158,Shlokpanchal_,,@NeeljiTweets Man fuck that I still have hope Arsenal will finish in the top 4 or 5,1,positive
159,harenzzzzz,,Pepe scores once again https://t.co/E0934KWxue,1,positive
160,AfcGunman,"London, England",@afchighbury2 @Arsenal He didâ¤ï¸,0,neutral
161,anjola_15,Nigeria,@Adexnelson @Arsenal Funny,0,neutral
162,Mr_Fowowe,"Otta, Nigeria",@Adexnelson @Arsenal This perseverance spirit,0,neutral
163,AndrewBrownBass,Cardiff,@deejayveto How could you forget to mention Arsenal trying to walk it in again? ğŸ˜‰,1,negative
164,LEE74656,N 51Â°27' 0'' / W 0Â°56' 0'',@Arsenal Kier Starmer would be pleased then ğŸ˜‚ğŸ˜‚ğŸ˜‚,0,positive
165,MussabAlseyyid,Wall Maria ,"Alot can stimulate something in a player n goes both ways it's not about this club and that club, Sanchez numbers râ€¦ https://t.co/6vLDaE2mqw",0,positive
166,ikenna_chukwuka,,@AFTVMedia Pls @arsenal should give him a 10 yrs contract,0,neutral
167,my_chappie,roblox twitter community,@Zaaneyz that would be a great arsenal skin,1,positive
168,Daniel_Nduka_,United Kingdom,We found the new Henry and Van Persie before Arsenal sksksksksk,0,negative
169,J1ordinho,"Busan, Republic of Korea",@RedBullSalzburg Coming to Arsenal,0,positive
170,XxDrRespectXx,Basildon,@MikeLaBelle Saka from arsenal?,0,positive
171,stanley_taaba,,@_kwaku_t Oh yeah...Arsenal is gargantuan,0,positive
172,Arsenal4721,,@BedrichATM @Thomaspartey22 @EMYAfrica Heâ€™s coming Arsenal,0,positive
173,khabeer26,Nigeria,@Thomaspartey22 @EMYAfrica Welcome to Arsenal @Thomaspartey22 ğŸ˜‰ğŸ™ğŸ¼ğŸ¤—,0,positive
174,Kemisha01,Uganda,@Arsenal Congs ğŸ‘ğŸ»ğŸ‘ğŸ»,1,positive
175,success1st_,"Atlanta, GA",@Ped_Smush @CapriSun_Rell Him lol your lil collection cute too Rell ğŸ¥±ğŸ¥±ğŸ¥± and my arsenal too crazy for a take over,0,positive
176,OluwabukunmiJ,IDK!,@Arsenal Pepe Jnr is here ğŸ™ŒğŸ¼,0,neutral
177,TifoFootball_,United Kingdom,"What is Mikel Artetaâ€™s Arsenal?

An Athletic original, written by @David_Ornstein, 
@amylawrence71 and @gunnerblog.â€¦ https://t.co/JZU0uJeAww",8,positive
178,ashtonciders,whorefield,@Lharrispphpgh I look at it a bit like arsenal and Luton town,1,positive
179,ayifedayo,,@Arsenal Congratulations mate,0,positive
180,nermlinger,,I donâ€™t dismiss any method the republicans use to diminish the votes for Biden..this is just one more tool in theirâ€¦ https://t.co/kCcgin1yU1,0,neutral
181,molaleye85,"Houston, TX",@Adexnelson @Arsenal Good one,0,positive
182,AFC_ADS,"London, England",@Mic_626 @Arsenal Or it could be a girl and we can sign her up to the womenâ€™s team.,0,neutral
183,turner295,,"@Lou_IzIs @SirBobLichfield Spurs and Leicester are out of form, they have more chance against them than we do against arsenal and Man U",0,positive
184,FPL_InHindsight,,"@KaptanFpl I second that.
Gives me that same kind of vibe rn.
Good enough for Everton, Wolves, Spurs, Arsenal maybeâ€¦ https://t.co/OHLE3S8JUR",2,positive
185,Pulisicszn4,,@Arsenalfanblog @afcjxmes @arsenadam G u support arsenal and ur telling me I like average players? Ur team stinks aâ€¦ https://t.co/8baqcC8GeZ,0,negative
186,William38420224,,@Arsenal Baby nico â¤ï¸â¤ï¸,0,positive
187,BenJack_son,"Cuba, Portugal",@theolaoflagos_ Barcelona arsenal Chelsea,0,neutral
188,BenHigie,"Pittsburgh, PA","Before their game today, Arsenal and Liverpool had the exact same goals for vs. goals against in 2020 (23-11).
Arteâ€¦ https://t.co/ylaMq6bgXE",0,negative
189,Joewillo180,"Liverpool, England","@SteveWa92027601 @Everton And your club isnâ€™t? 

An Arsenal Fan spending his Sunday eveningâ€™s on Evertonâ€™s twitter.",0,negative
190,nahurirasam,,@Thomaspartey22 @EMYAfrica Welcome at @Arsenal,0,positive
191,sir_tareeq,"Kaduna, Nigeria",@mahmudsheikh80 He tweeted about planting 3000 trees everytime Arsenal wins i think last month.,0,positive
192,duncan_collie,"Johnshaven, Scotland",has been rewarded for their good work at Arsenal by winning English Premier Division Manager of the Month for August 2019. #FM20Mobile,0,positive
193,Kiedogg,Where u aint,Niggas stealing the hat swag so I gotta get a new arsenal ğŸ¤§,0,neutral
194,Olusanyababajid,,"@Arsenal Welcome to Fatherhood club! Mature playing is expected of you henceforth, no more Secondary School playingâ€¦ https://t.co/ZnPJiAQCEm",0,positive
195,JackCZinto,,@SteveWa92027601 @motopp1 @LFC @premierleague you support arsenal mate whens the last time you won something?,1,negative
196,_lfcbruno,,@DaveOCKOP Above Arsenal...,1,neutral
197,Nazgooner1,arsenal,@EduardoHagn Buendia is no brainer man I want him at arsenal at least as a Squad player would come in for peanuts,1,positive
198,Elgio_96,Uganda ,@igniteivan @Arsenal ğŸ˜‚ğŸ˜‚ğŸ˜‚ğŸ˜‚. I'm selling you across boarders bro.  Gig,0,negative
199,Denking15,"Nairobi, Kenya",Why do they link @arsenal with almost all players ????,1,positive
200,jzends99,"Derby, England",@JordanRowes Arsenal fans celebrating we have more known youngers because they can actually get game time trophy https://t.co/mACy8dQAJ6,0,positive
201,_1realwhyte,,@itscaalvin Why lipoo be arsenalğŸ˜´,1,positive
202,PremierLeague8,,Arteta - Lacazette really needed that goal: Our head coach discusses our French forward - and the roles that Shkodrâ€¦ https://t.co/8zktjaWSBX,0,positive
203,PremierLeague8,,"'I like the way Saka reacted, he was rewarded': Mikel Arteta discusses our teenage forward's goal and performance -â€¦ https://t.co/vFHOtN1wEI",0,positive
204,PremierLeague8,,"Lacazette onâ€¦ the win, Saka and the defence: Our French striker reacts to a hard-fought victory at Wolves, and theâ€¦ https://t.co/QEX14SLGAc",0,positive
205,ClassicEmjay,Nigeria,@DerrickAshimwe Great coaches donâ€™t risk an important player in an already won match. Itâ€™s not a Guess u support Arsenal.,0,positive
206,lavellecult,s/h,cause i know not the ceo of harassing arsenal players talkingğŸ˜­ https://t.co/jikyHh78Su,2,negative
207,sue_skyheart,,@ftblChrisTHFC @Arsenal ğŸ˜‚ğŸ˜‚ I hate Spurs so much!,0,negative
208,DieFeyza,,@volkan_colak34 @libertequalite @Mfutbolll Arsenal ne,0,neutral
209,engancheUK,,@mccarthyut8 @ArranAFCSTL @blocksixgooner Itâ€™s not a conflict of interest they all went on the show before making mâ€¦ https://t.co/Sr4qOpLEJD,0,neutral
210,AFCD0N,Islam FC,The fact that Peak Ozil at Arsenal is better than any Pogba season kills me man ğŸ˜­ğŸ˜­,0,negative
211,KimunguRashidy,,@Arsenal cong pepe,0,neutral
212,MrAkyeampong,Ghana,@airmefah @Dreamchaser1017 Have you seen Arsenal? ğŸ¥°,2,positive
213,FlareFootyLtd,"Oxford, England",1-2-1 session with Ex Arsenal under 16s RCT now current Reading academy player Davina Spinoza âš½ï¸ https://t.co/LCquP0rI6p,0,positive
214,ElliotB1878,"Liverpool,England",@Arsenal Well Iâ€™d be worried if he became a mother,0,positive
215,DeadStockGrimeT,Here ,"@Realzonline Yeah, don't think Origis good enough tbh. Brewsters coming back so I'd say someone like Aubameyang ifâ€¦ https://t.co/3vl9Ye5c9a",0,positive
216,abcdfferential,,"Arsenal &lt;&lt; Liverpool 

iâ€™m wrong?",0,negative
217,thatguyjme,,"@sandbrook10 @Mojakx @SkySportsPL He scored on his debut against arsenal
He scored a brace against Chelsea in the uâ€¦ https://t.co/URJNK10hJ7",0,positive
218,victordivine1,somewhere in between,"@Arsenal Congrats Pepe, welcome jnr gunner.",0,positive
219,Ringham7,Delray Beach or London,@arseblog Good detailed description of the @Wolves match. Glad you highlighted Maitland-Niles contribution. He hasâ€¦ https://t.co/cdtxGKLOv3,0,positive
220,moweava,Gloucester / UK,@Ibbibham @OptaJoe @curtisjr_10 @MoSalah @premierleague @LFC How many CL medals with Arsenal ?,0,negative
221,DRatemo,NAIROBI,"@Arsenal New dad in town,congratulations",0,positive
222,MARGesterCity,4/3/2003,@WolverArgPton Arsenal,0,neutral
223,DailyCannon,"Belfast, Northern Ireland",Emi Martinez levels Spurs for clean sheets this season #Arsenal https://t.co/dMfHy380bm,6,positive
224,arsenalfc_rob,"London, England","Dig a little deeper, and youâ€™ll realise MattÃ©o Guendouziâ€™s exclusion from Artetaâ€™s Arsenal squad has been a long tiâ€¦ https://t.co/znk8tmm73v",60,positive
225,Pulisicszn4,,@Nizhnikov @afcjxmes @arsenadam Yh fair enough if you'd take him because he suits arsenal more but mane is the muchâ€¦ https://t.co/NhwIksA8E0,0,positive
226,Gold2Utd,"Birmingham, England",@Gooner_Eurychus @VipArsenal Arsenal fans piping up again,0,negative
227,FootbaIlJoker,Europe,Man United And Arsenal Fans When The Champion's League Is Mentioned In The Office https://t.co/Br6mobE7pi,0,positive
228,ryanf_michael,United Kingdom,"@Thomaspartey22 @EMYAfrica Arsenal fans voted for you, come to the carpet ğŸ˜",0,positive
229,anthonypalm,"Otah Gunga, Naboo, Outer Rim",@LLcoolJames91 @purelyarsenalFP @Jack10Gooner @Neilby70 @ArsenesGlasses_ @Arsenal @m8arteta Im about to record my oâ€¦ https://t.co/qMYf5d7qVx,4,neutral
230,IK_WEBBB,United States,@PaddyArsenal @Arsenal Underrated comment ğŸ˜‚ğŸ˜‚,1,neutral
231,Bet_McLean,Northern Ireland,Having a bet on the Arsenal v Leicester game?!  Get your bet refunded up to Â£10 as a Free bet withâ€¦ https://t.co/aKAc1FYbUY,0,positive
232,ugodin411,"Dubai, UAE",@Arsenal @LacazetteAlex Absolutely brilliant ğŸ’ªğŸ»,0,positive
233,TovarishZac,little st james,"@Rodrimcfc @JerrishJebaraj Arsenal are shit against top teams, artetas tactics are too progressive. Need to play anâ€¦ https://t.co/ybeO2CAZm5",1,positive
234,dhawalc,"Sunnyvale, CA",@chheplo @AdamMcKola @StatmanDave @MrStephenHowson Still better than Arsenal :),0,neutral
235,Jist_Arsenal,,He's better than our current midfielders. He's so brilliant on the ball. I would like we cash in on him. https://t.co/ACrR11XUL4,0,positive
236,Mradewale96,"Hamilton, Ontario",Announce Pepe JR https://t.co/0krUMrD2UC,0,neutral
237,GriezzMode,,@abstraktfooty @tvmpAFC @afc_vlad He beats his wife when arsenal lose,1,negative
238,AlameenDaggash,Kaduna/Zaria,@its_shamex Shamex so youâ€™re still supporting arsenal,0,neutral
239,IamChyboy_Afc,"Yola, Nigeria","Congrats Nico, can't wait to know how that feels https://t.co/XTinHcpwSB",0,positive
240,crasegeil,,@YC7__ @Arsenal Come rain or shine,0,negative
241,BaltaCogorno,Argentina,@WolverArgPton Arsenal,0,neutral
242,im_mo__,,@goal He's arsenal bound,0,positive
243,kfingolfin,,@iceymusto @jgisnotabagsman @Captaindu77 @TylerAFC97 @ftblChrisTHFC @Arsenal ever,0,neutral
244,GainsOracle,"Port Harcourt, Nigeria",@satwetwe @Arsenal @premierleague @BukayoSaka87 Just have it at the back of your mind that we'll be active in the tâ€¦ https://t.co/IbropJrBC5,1,positive
245,Pulisicszn4,,@LennnXX *arsenal fans. They also think Pepe is better than Pulisic lmao,0,positive
246,LiverpoolRed18,,"Greatest PL season by points:

9. 90 (+44) Man U 08/09
10. 89 (+56) City 11/12
11. 89 (+56) Man U 11/12
12. 89 (+56â€¦ https://t.co/CxItEjzqOu",0,neutral
247,probablyatypo,cruisin at maximum alititudeâœˆï¸,also katie plays for arsenal babe. canâ€™t have you out here looking crazy girlie â¤ï¸ https://t.co/7E10CfJYQv,3,positive
248,goonerdavros,"London, England",@Arsenal This is nine months ago https://t.co/8XsBhW13a1,0,neutral
249,ShemTaborCFC,"Oxford, England",@JordanCourt94 Donâ€™t expect too much from Arsenal fans brother ğŸ˜,2,negative
250,MAA_Gunner,"England, United Kingdom",It was two or three years late tbh https://t.co/PKWQ3SAeb1,0,neutral
251,footballbibles,,Arsenal confident of completing Thomas Partey transfer as key duo approve swoop https://t.co/9suNfEJ5bW,0,positive
252,Nelsonaldinho,"Wuhan, China",@AFCHaroId Arsenal in reverse,0,neutral
253,pulisicfcb,"uswnt, urfc, fcb, cfc, eagles",the girl is a dash and arsenal fan so i will say that allie long is right,1,positive
254,iam_clive,"Akwa Ibom, Nigeria",@HayZe032 @EbukaMeansGreat @Arsenal Cos I know it's only a Manchester united fan that'll say that. Manchester Derbyâ€¦ https://t.co/puQe2S6giO,1,positive
255,edbigheadluvsu,the woods!,@zachhasabeard He wouldnâ€™t leave for arsenal though possibly Napoli but who knows hoping the takeover happens so thâ€¦ https://t.co/atGiSKOD7S,0,positive
256,manlikemikky,"Port Harcourt, Nigeria",@Arsenal Congratulations man,0,positive
257,Osman_Jd,"Accra, Ghana","Arsenal fans part is so damn accurate. And oh, the Ronaldo fanboys too ğŸ˜‚ğŸ˜‚ https://t.co/GVQTQumtiI",0,positive
258,mashdolski,,@Arsenal Happy to be a gooner.we are made of black and white,0,positive
259,ShrekWes10,,@Gooner_Eurychus @Arsenal na his wife does,0,neutral
260,prv_Marono,Death Star,@Arsenal @NHSuk @WhitHealth Classenal âšªğŸ”´,0,neutral
261,GoonerGoods,"London, England",Collection Of 20  Home Programmes 1961-62  https://t.co/IneaDJvVXK https://t.co/H52hxwuEuI,0,neutral
262,scouseone_,Pep Guardiolas bald head,Unlucky Lacazette. His career only went downhill after this. https://t.co/y3hGKek7jI,0,negative
263,mc002capua,"Lagos, Nigeria",@Titan_Blacklist @GurjitAFC U are a complete ğŸ¤¡ sorry Some arsenal fans and dere opinions are funny..who is holding ğŸ˜ƒğŸ˜„ğŸ˜…,0,positive
264,seyikuforiji3,Lagos ,@tosh_sports @iambolar @K1Says @deejayfaremi @Max1023FM I know u dey beef us bcos na only arsenal get such unique title in England,1,positive
265,psalmphunsh,"Ogbomoso, Oyo State.",@Arsenal Congratulations Nico,0,positive
266,trezmartin,United States,@EBJunkies I never watched golf or NASCAR much before but now watch both religiously. And Premiere League (Arsenal),0,neutral
267,TinoWernerC,Chegutu Zimbabwe,@Arsenal One achievement since joining Arsenal,0,positive
268,bethel11_,"Upper ring, Ba sing se.",Thought his first child was vvd https://t.co/E00Twaf7AJ,0,neutral
269,Rodrimcfc,,@TovarishZac @JerrishJebaraj watch out for newcastle and arsenal tho,0,positive
270,ibidapsy,Everywhere,Arsenal for life https://t.co/lzFeRNh1hz,0,neutral
271,trealove8,,"@Greg_1993 @lashundra85 @OnePatriot7 @VH1_Miller Just know, my husband (Ex military) and I are not part of any grouâ€¦ https://t.co/3JuLuYfuPW",0,neutral
272,Elgio_96,Uganda ,ğŸ˜‚ğŸ˜‚ğŸ˜‚ğŸ˜‚ @Arsenal  this could be the guy your looking for https://t.co/CCdiPoGoLF,3,positive
273,NicoMontejo2,,"@FUT20News Got 2 Spurs, 2 Arsenal and one linked with arsenal what are the odds https://t.co/nmUFgoY2rh",1,positive
274,Greenwitch44,"Warri,Nigeria",@ArsenalWFC @Arsenal @VivianneMiedema @BarclaysFAWSL We've got this .,0,positive
275,G_thinktank,United States,Please vote guys! #Arsenal #COYG https://t.co/MWYMbNJ3FK,0,neutral
276,MohamedkerM,"MÃ¼nchen, Bayern",@Arsenal Congratulations,0,positive
277,KHANtheGUNNER,,@Arsenal Congratulations,0,positive
278,flacosolus,,"@ripsIime allow it bro heâ€™s a fashun guy, u think Iâ€™d go out of my way to watch arsenal lol",1,negative
279,easybwhizzy,Nigeria,@JohnnyP11492246 @Arsenal What's this? https://t.co/5bNOviQoKM,0,neutral
280,ishaanmann,,"@goal Heâ€™s an Arsenal fan, heâ€™s coming to the Emirates",0,positive
281,Savage_T_Raw,Nigeria,@Arsenal announce Pepe jr https://t.co/ROJQLnl9Ah,0,neutral
282,LTDAForum,"London, England","@JKnighty_ @st90nicola Would love him at Arsenal , bossing the space in front of the back four .",0,positive
283,Ema_Ralte,,@Thomaspartey22 @EMYAfrica Welcome to The Arsenal!,1,positive
284,internetExpBot,I am speed,"ğŸ“° |Juventus to test Arsenal resolve with Ozil bid 
 https://t.co/GF7ww28toW",0,negative
285,heisizumichaels,,"Aston Villa came for a point at least but
Curtis Jones and Mane did it for Liverpool

Leicester won it with 10 agaiâ€¦ https://t.co/t4NT4NJuOd",1,positive
286,Burnt_Mamba,"Houston, MFTXH",BLESSED. CHILD. https://t.co/KkT4FsVuO1,0,neutral
287,rolypoly187,www.skybet.com,Let him go on maternity leave for the next 9 months https://t.co/kEYElibB0Z,0,neutral
288,joshiano3,,@Arsenal Congrat Nico on been a father..God Guidance won't seize in ur family...#Amen,0,positive
289,Arsenalnewschan,,"Congratulations to Nicolas Pepe and his wife on the birth of their first child! ğŸ˜

#Arsenal #Football #Pepe https://t.co/MUEYvpO3xy",60,positive
290,mackmack1967,belfast,"@CallumGR1874 @HeartOfTheHolte You do realise that Villa have to play Utd, Arsenal and Everton. No points there, paâ€¦ https://t.co/bJBFtmwsdB",0,negative
291,Lenomazing,Emirates Stadium ,Welcome to Arsenal bro canâ€™t wait to have you ğŸ˜ https://t.co/lYeu3pMvS4,1,positive
292,goonerdavros,"London, England",Itâ€™s Arsenalâ€™s worst season in 26 years yet the Spuds still somehow find a way to outbanter us. You canâ€™t write this. #arsenal,0,negative
293,Chilume_LiVE,"Gaborone, Botswana (Africa)","Basically this means what, cars with W10 engine maybe stronger the current Ferrari engine? Kana this feels like weâ€¦ https://t.co/A4J6IWhReh",1,neutral
294,travolta93,chicago,@AFTVMedia Throw Dominik in the twist because we are mighty Arsenal,0,positive
295,oloriire247,,@Thomaspartey22 @EMYAfrica We love you at Arsenal... Thomas!,0,positive
296,NPatrickmbugua,,@Arsenal Congrats to Pepe .,0,positive
297,talkingdare,Almont there,"@iyobosakelly_ @peter_damian21 @FCBDante Madrid sold cr7, arsenal sold Henry at his prime,",0,negative
298,ViwePotelwa,"East London, South Africa","If I was Arsenalâ€™s chief executive, this would be my plan:

Sell; Mustafi, Xhaka, Ã–zil (even if we pay 40% of his wâ€¦ https://t.co/9m139uvPjl",1,negative
299,AfcHenry___,,@EJ_Sufc @EmiratesFACup @ManUtd @SheffieldUnited @Arsenal Have you never heard of Kroenke ? The man who runs our clâ€¦ https://t.co/eSjxjxAtf8,0,neutral
300,kotlersheffy,Nigeria,@theolaoflagos_ Sorry Arsenal.. ğŸ™„ğŸ™„ğŸ™„,0,neutral
301,sarahpurbrick82,"Oxford, England","Premier League Update â€“ Arsenal secure vital win at Wolves, Manchester United smash FIVE past Bournemouth and Chelsâ€¦ https://t.co/jRNHoat76w",0,positive
302,iampreciousmarc,Worldwide,@Arsenal Congratulations Nico,0,positive
303,KashkushHamed,"Liverpool, England",@Footyelnino We canâ€™t afford to play like the first half today against them and Arsenal and Chelsea if we do weâ€™ll get hammered ğŸ’¯,0,positive
304,TheKaiser1234,,@janek_9 Canâ€™t think of any that played for Arsenal or Chelsea either,0,neutral
305,NicoMontejo2,,"@theobaker_ got 2 Spurs players, 2 arsenal and one linked with arsenal https://t.co/UXdG8ZQeWM",0,positive
306,Najibsm17,in your head rent freeğŸ¤·ğŸ¾â€â™‚ï¸,"If arsenal actually get a CB and 1/2 midfielders, next season might be one the most competitive prem seasons ever",1,positive
307,fpl_home,,@EduardoHagn Put buendia in an Arsenal team and he'd be right up there with the assists.,0,positive
308,Acejeannartey,"Koforidua, Ghana","@mohaammedphiqir announce Aubameyang contract extension and the signing of Thomas Partey @Arsenal 

done and dusted ğŸ˜€ğŸ˜‚ğŸ˜‚",0,positive
309,SyyyIslam,"Bradford, England",@andrewclarke94 @yesbobbylad @SkySportsPL wow what a piece of analysis on world cup winner Paul Pogba from an Arsenâ€¦ https://t.co/TGyYoe0hkD,1,positive
310,LLcoolJames91,Chelmsford Essex,Had a great time doing the @purelyarsenalFP podcast tonight with @Jack10Gooner @Neilby70 and a returningâ€¦ https://t.co/dhfbAXtuma,3,positive
311,Abbaxv_,IN MY KSUBI JEANS,"2021
Arsenal purchase Mason Greenwood.",0,neutral
312,staconzy16,Everywhere,"Clubs are rebuilding. Look at Man United, Man City, Liverpool, Chelsea, Psg, Bayern, Take Kubo to Madrid, Even Arseâ€¦ https://t.co/bxfJ0N2Izp",35,positive
313,Kumipri720,dormaa ahenkro,@Arsenal Congratulations to you Nicolas Pepe,0,positive
314,mashdolski,,@Arsenal A new gooner on the cards,0,positive
315,FootballmagzNet,,"Download Highlights: Wolves vs ArsenalÂ 0-2 https://t.co/txyAzKPYud
#AthleticRealMadrid #sundayvibes #HalaMadridâ€¦ https://t.co/tPcoQ3MFKz",1,neutral
316,OnizukaIEikichi,Italia,"@SteveWa92027601 @goal Said by an Arsenal supporter, in Serie A you will not even obtain the 5th Place.",4,negative
317,mbtallbert1982,"Harare, Zimbabwe",@bellohamzaa @Arsenal He can afford it,0,neutral
318,NetworkingTaip1,,"@ayo_obis You are not @Arsenal  spokesman. Since she left our club to @ighalojude 's current club, our winning streâ€¦ https://t.co/KeCCeiCaqW",0,positive
319,satwetwe,Ghana,"@GainsOracle @Arsenal @premierleague @BukayoSaka87 Mate,you heard something I dont know,fill me in",0,positive
320,JakeHenshaw4,,@Teesly18 Says the Arsenal fan ğŸ˜‰,0,neutral
321,ryanhobson7,"Rotherham, England",@IngoodNick17 He was always waiting for the challenge (slightest touch) before he threw himself to the ground. Heâ€™dâ€¦ https://t.co/tm2WaB3tlo,0,positive
322,Gooner_Eurychus,Follow Me âš½ ,@Arsenal Pepe delivers,20,positive
323,Mods___,,"This is absolutely insane, this guy turns a team like arsenal into a title challenging team on his own https://t.co/T3eSrqUo46",0,positive
324,Hector90827152,,DJ CUPPY TRENDING FOR JUST DENOUNCING ARSENAL FOOTBALL CLUB,0,negative
325,lfcHuss,18,"@NatinelIi Idk about you arsenal fans but it seems like it wonâ€™t get into your heads, his role isnâ€™t to score goalsâ€¦ https://t.co/KFK0cIFRyQ",0,negative
326,Beekay2000,"Cape Town, South Africa",@LGAmbrose @Chezzygooner Man hasn't changed a bit since leaving Arsenal... He is still a branch warmer ğŸ¤·ğŸ¾â€â™‚ï¸,2,positive
327,Aman808,"ÃœT: 52.564534,-2.193409",Arsenal fans out in force after watching premier league champion Oxlade Chamberlain and delighting in the fact he pâ€¦ https://t.co/MQxFVrWVXc,0,negative
328,goonerdavros,"London, England",Waiting for the day one of my tweets make it onto Oddsbible. For now I am providing football banter and running a câ€¦ https://t.co/S3OdJ5MX1Q,0,negative
329,jaipreetsingh01,,"@chirag_manutd Arsenal will beat Leicester
Liverpool will beat Chelsea
We will beat Leicester
Wolves will beat Chelsea

Relax. Top 3 secured",0,positive
330,gsohard_,Hopewell ,Dis shit was so cute https://t.co/5sKTBdcy7R,0,positive
331,AyodiJnr,"Vienna, Austria",Well at least he performs off the pitch https://t.co/5PDTscGuZV,1,positive
332,IfYouSa55214622,,"@horseshoeantics @1971Smith @TFrenchican @matthewargent_ @Arsenal I wonder who knows more about football, you playsâ€¦ https://t.co/oSKXhD7Q2W",0,positive
333,JCarson621,Lying face down in the circle,@DaveOufc @bookiemonster81 When was the last time you made Europe? Rangers are currently further in Europa league tâ€¦ https://t.co/2HG2GzPabi,0,positive
334,not28LS,North West London ,"@JiffyWithStiffy 1 less, lets just agree that arsenal isnt shit ğŸ¤",1,positive
335,missarsenal1976,,@Arsenal Congratulations,0,positive
336,_MikelMagic,,"Spot on Frank, I loathe the parasites. Our club taking the unprecedented step of threatening them with a lawsuit unâ€¦ https://t.co/2geYNTCXFC",0,positive
337,StephenBarry20,Drogheda,@OscarMarrio They both started at Arsenal ğŸ¤”ğŸ˜‰,0,neutral
338,obsessed____,monkey island,WHO WANTS TO PLAY ARSENAL,1,positive
339,justfootball072,,"@TroopzAFC If this lad had a better team around him, the goals wouldn't stop flowing. Next season will be differentâ€¦ https://t.co/uflAIkyU9E",0,negative
340,SalahFanV1,,"@NatinelIi And he's still better than nearly every Arsenal player, mad.",1,positive
341,NazH92,,@AminNumeroUno Canâ€™t wait for arsenal to give us one ğŸ˜ Hope the Ox starts,0,negative
342,goe_ii,,"@Arsenal Congratulation for not only being senior player, but also a father welcome pepe jr",0,positive
343,MrHaq15,"London, England","People that actually watch Lacazette and Arsenal will realise how true this thread is. 

Lacazette sacrifices himseâ€¦ https://t.co/zhm7qE6bnD",2,positive
344,engancheUK,,@mccarthyut8 @ArranAFCSTL @blocksixgooner Donâ€™t buy that tbh. Yes they have fame but at the end of the day they livâ€¦ https://t.co/9yykgBiCC7,0,positive
345,CraigyEstlea,Suffolk,@LukeAFC86 Just another boring Arsenal fan hating hype about another club.,0,negative
346,abbaavil,Nirvana,@Arsenal Congratulations NicoğŸ™ŒğŸ½,0,positive
347,afchighbury2,Invincibles,@Arsenal Get inâ¤ï¸,0,positive
348,GunnersFut,,Anyone on the timeline have any arsenal paintings/wall decor to recommend? Trying to find some unique stuff for one of my walls.,0,neutral
349,SamInnoW1,"Pretoria, South Africa","@pinklipguy ğŸ˜‚ğŸ˜‚Never mind that, will Arsenal qualify for Champions League??",0,positive
350,UtdDxn,"X, Ski, Denzel, Bada$$, Travis",@Mr_AOC_ @JockebergA @Izzyutd @utdreport @Sport_Witness @ASFCofficial @Arsenal Feel very free to!,0,neutral
351,MwebeKelvin,"Dar es Salaam, Tanzania",@Arsenal Finally..A little Gunner,0,neutral
352,DeanBrett62,Tranent,@Jamesy34766993 @InfidelNumber19 @BrianMilne80 A know mate but that season finished 2nd! Talking about in a seasonâ€¦ https://t.co/XCve3pKxTU,0,positive
353,AdjustRankings0,,"I've lowered all flags, the day the club died..

55M for nothing more than the 12M ST we were about to sell https://t.co/nNHqCVureS",1,neutral
354,Andiironda,"Atlanta, GA","@Lucy_Grace98 @stoleneyelids Ummmmm I literally have no inkling except to be basic and say Man United, Arsenal, Liverpool, or something",1,positive
355,theimmortalSAF,,@Naz_afc @thfcrueben @bakarbruh Any arsenal midfielders better than Lo Celso ?,1,neutral
356,Maheel_Arsenal,"Lagos,Nigeria","@Drwhales_ This Inter that I thought would really compete with Juve for the scudetto, they can disappoint sha...rubbish teamğŸ˜ğŸ˜",0,negative
357,Sikel68,,@cliffyboy1512 @ocukgilly @DirtyLeedsLeo Donâ€™t you remember the Arsenal game Stu? He was brilliant then too. Injuryâ€¦ https://t.co/3HEKSEUqB6,1,positive
358,djkennranch,,"@EduardoHagn What we think we need or don't need is irrelevant. As we can see, @m8arteta and @Arsenal clearly haveâ€¦ https://t.co/ZT0hTrQfaJ",0,positive
359,GargantuanClub,UK,@griezmannility_ @UtdExcellence @FTalentScout How is Arsenal a bad place for a player like him? Great new young manâ€¦ https://t.co/7ILObxZicZ,1,neutral
360,EJ_Sufc,"England, United Kingdom",@AfcHenry___ @EmiratesFACup @ManUtd @SheffieldUnited @Arsenal Ur arsenal like u need more money lmao,0,positive
361,CFCJamier,,@afcxmatt @Arsenal what if its a girlğŸ˜…,0,negative
362,Mrhumble_e,Nigeria,@Arsenal Congratulations Nico,0,positive
363,berk_ozdemir,"Ankara, TÃ¼rkiye","@urcum62 â€œRegression analysis is the hydrogen bomb of the statistics arsenal.â€
Charles Wheelan, â€œNaked Statistics:â€¦ https://t.co/yrdFdAsjTw",0,neutral
364,Aliel42324292,Pee pee poo poo,@ezinneogwumah @diaaroi Right? Like what other diabolical plans does sis have in her arsenal? Iâ€™m curious atpğŸ˜‚,0,neutral
365,danniefav,Your Heartâ¤ï¸,@07reddevilz @UtdDastpa Arsenal did it a season n went to the next season til manutd stopped them,0,positive
366,Arsenal_212,UK,@GavinG1805 @DailyStatCards Close   Molde should have scored at the end but the hit straight at the goalie,1,negative
367,david18704480,,@SteveWa92027601 @SouthamptonFC Your chins bigger than arsenal mate,0,positive
368,jamesafc9,,@afc_isaac @ZRAFC @AlexisBernard10 @Arsenal We donâ€™t really need him though,0,neutral
369,king_hac,Somewhere playing football,"Pepe: *Starts*
Me: https://t.co/JqHjv6xXuk",0,neutral
370,NgoakoSefoko,PLK/JHB,Grealish can really fit well in that Arsenal team ğŸ¤ğŸ½,0,positive
371,sgb1313,"Scotland, United Kingdom",@Arsenal Congratulations,0,positive
372,ya_yagunners,,For me Lucas torriera is very underrated #arsenal https://t.co/EKA6NxWqTp,0,neutral
373,Rare_Gamer,London ğŸ‡¬ğŸ‡§ & Ontario ğŸ‡¨ğŸ‡¦,"If you're interested in some Perfect Dark merch, you can buy 1 tee and get 50% off on the second by entering the coâ€¦ https://t.co/pP9aH9fbwQ",2,neutral
374,Isaacacti,,@arseblog Partey to Arsenal! Here we go!,0,positive
375,uzomanov,"Lagos, Nigeria",@Arsenal Congratulations Pepe.,0,positive
376,macaulay1999,,@Arsenal @premierleague @BukayoSaka87 The way arsenal fans bang on u think heâ€™d have scored 10 by now,0,positive
377,Samiul54780834,"Oldham, England",@Arsenal GIVE HIM A 20YR DEAL,0,neutral
378,GallardoIzMe,earth,@goal the whole of arsenal to manchester united,0,neutral
379,mlmflow,"Lagos , Nigeria ( FT ) ",@shegs__ Lol arsenal is his last bus stop,0,positive
380,tuusmanj,Greenwich,@Arsenal @LacazetteAlex That was a great goal lacapoom.,0,positive
381,Adrian20MUFC,Canada,"@piersmorgan Oh, well you should change the team you're singing for right now, that being arsenal! ğŸ˜",0,positive
382,KHANtheGUNNER,,@WorldwideAFC Europa is yes but there is a chance that Arsenal would finish 5th. If Arsenal finish 5th and get Cl tâ€¦ https://t.co/0st64idSOi,0,positive
383,OsamaNa66455317,"Ø¯Ø¨ÙŠ, Ø§Ù„Ø§Ù…Ø§Ø±Ø§Øª Ø§Ù„Ø¹Ø±Ø¨ÙŠØ© Ø§Ù„Ù…ØªØ­Ø¯Ø©","@Thomaspartey22 @EMYAfrica We are your proponent, so come to Arsenal â¤ï¸",0,neutral
384,nankpete,"Kampala, Uganda","@LGAmbrose He was a good player at Arsenal better than the wingers we have if fully fit , prolly pepe can take himâ€¦ https://t.co/A5qGAoUorW",0,positive
385,Fikameni_TallG,,@seppal999 Lingard is going to Arsenal,2,neutral
386,james79rigby,Ireland,Liverpool have more wins in the PL than Arsenal and Utd combined apparently we were lucky to win the league,37,positive
387,kvolapor,University of Ibadan ,@goal Grealish to Arsenal,0,neutral
388,AfcHenry___,,"@EJ_Sufc @EmiratesFACup @ManUtd @SheffieldUnited @Arsenal No worries, always happy to help another team out x
And iâ€¦ https://t.co/UrM69KohN5",0,positive
389,rickyrikenda,,Give him a contact https://t.co/e2TTKPt3Ka,0,neutral
390,DzackNodkcaz,"Nairobi, Kenya",@YahGunner254 Only when Arsenal are bleeding its too much it stains Blue,0,positive
391,WisdomSambo4,,"@Arsenal That's good news for the coming of the baby, Congratulations",0,positive
392,meforni,"Calabar, Nigeria",All cus a certain Nigerian DJ left the club. https://t.co/RsL98EzKdM,8,neutral
393,LFCAlexios,,@JakeMcLellan7 @avfc40james Yes you had it last time when you defeated us ğŸ˜‚ everyone started changing their avi toâ€¦ https://t.co/rqaZV47XaV,0,positive
394,Pulisicszn4,,"Just for any special need arsenal fans, Mane is miles clear of Aubameyang and that comparison is v disrespectful to mane.",5,positive
395,Damladd,Wherever you want me to be,@AFTVMedia How many percent of those are back passes and side passes? Arsenal and all these deceiving stats!!!,1,positive
396,arseblog,Dublin,"Thomas Partey says he wants his transfer to Arsenal to be completed ASAP, and to prove it, he will eat 6 trifles, pâ€¦ https://t.co/5UN7YRFMDq",494,positive
397,marcowilmots,,"@gooner_smart need to hear Jim wanker Beglin commentate on Arsenal its unreal. Yes players do go down easily, but mâ€¦ https://t.co/CH1DEoAdDZ",0,negative
398,Tic232,,@Arsenal Hey guys i have few followers so please follow me and i will follow bag   GREAT FUN OF ARSENAL since i was 3years,0,neutral
399,AFCRadicalReiss,,@PepenelliV2 @Arsenal Is it a boy?,0,neutral
400,Hon_oluwatosin,"Lagos, Nigeria",@Arsenal Congratulations páº¹páº¹,0,positive
401,lifeofarsenal,,"@Thomaspartey22 @EMYAfrica Welcome to Arsenal, weâ€™re so happy to have you and weâ€™ll love you forever. Canâ€™t wait toâ€¦ https://t.co/6aK5Gyo4mY",1,positive
402,KUULJO4,Lagos,@FinaNapoleon @Emiearth @FATGofficial @SheriffQuadry @Foskolo Arsenal 2-1 Leicester,0,positive
403,DenReus11,"Hamburg, / Dresden Germany","Just a reminder for Arsenalâ€™s next opponentğŸ‘€, so start to tremble... https://t.co/DtUAreLyUm",1,neutral
404,reissesque,,@PaddyArsenal le10 was the best source on arsenal last summer but this window they are chatting shit,0,positive
405,MaziEminent,. . . good side of Life,@valentinowpg @eronsjohnson @Valhalla_X0 @philip_george70 @baddoleesa You skipping Arsenal fans to put Chelsea fans in batch B ni,2,positive
406,6ix9ineView,,"@afcdominic @lfcbaiIey @BraydenFNews @JamesProbets Firmino Walks into Arsenal team, all I'm saying",1,positive
407,UTD_Jason,Top bins,@OzilSZN10 @UtdAidan Where do u see Arsenal next season then?,1,neutral
408,AFC_Sid,Emirates Stadium,@Arsenal @LacazetteAlex Superior quality in that touch,0,positive
409,Mic_626,,@Arsenal Tell me it's a young Pepe who'd replace his daddy in the future ğŸ¤—,1,positive
410,MazSips,"ChÃ¢tres, France",@AFCAbiyu Arsenal must do what????,0,neutral
411,samkujuobs,Nigeria,@ftbIswanny I actually think he's trying tbf to him. I've always felt since when he came even if people banter arseâ€¦ https://t.co/iWgixvBQqh,0,positive
412,nelson87592586,"Mukono, Uganda",@Arsenal Congs to him âœŒï¸âœŒï¸,0,neutral
413,AFCD0N,Islam FC,@ftblChrisTHFC @Arsenal Your player swore on his daughters life that he got a flick on a teammates goal,0,positive
414,Oliviniho,TOWIE Land; Essex,Arteta - Lacazette really needed that goal https://t.co/oDWRuyl3nP,0,positive
415,a_cuevas76,"London, England",@_SV05 @Arsenal Ndombele did I hear ?,0,neutral
416,ArtetasArmy1,"London, England","Arsenal under Mikel Arteta this year:
ğŸ”´âšªï¸2nd highest points (25) only behind Liverpool                          âš½ï¸â€¦ https://t.co/xWOTuFwJEa",1,positive
417,Jacktalbot123,,@Arsenal He isnâ€™t going to shag your calm down,0,negative
418,imcharan11,,@CMBS_Football Who is getting closer to sign for Arsenal?,0,positive
419,CpPillay,Johannesburg,@orcautd_ Arsenal fans.... they just trying to stay relevant before they fast fade away,0,positive
420,AJ_Sinner,Neverland...,What a player in the ranks! https://t.co/6HugSJkRJi,0,neutral
421,Lazzanator5,"Edgeworth, Newcastle","Arsenal 2022/23 | Squad Builder, FM20 - https://t.co/zm6mpp1GG1",0,neutral
422,Akewusolaf1,"Lagos, Nigeria",I think I like Arsenal and I will be supporting them in coming daysğŸ˜,1,positive
423,EJ_Sufc,"England, United Kingdom","@AfcHenry___ @EmiratesFACup @ManUtd @SheffieldUnited @Arsenal Cheers for the 4 points this seasonğŸ˜‚ğŸ¤­ğŸ¤
And ur actingâ€¦ https://t.co/Hrwh3ATNOM",0,positive
424,Naz_afc,"London, England",@thfcVC @thfcrueben Cedric has 1 goal contribution since joining arsenal. Mid celso has a mighty 0 ğŸ˜­,3,positive
425,NemanjaWoah,,@freectt canâ€™t see liverpool being as good next season and pep is losing the plot a bit so will be a good season hoâ€¦ https://t.co/CC1RZg9A82,0,positive
426,olusegunfola,"Abeokuta, Nigeria",@AbdulQudus234 @Arsenal We move,0,neutral
427,wilksymcfc,,@Sam_DH_MCFC Think the games against Chelsea and Arsenal both needing results chasing Europe could be interesting,0,positive
428,SANTINO_254,"Nairobi,Kenya","@TomLever1 @AFTVMedia Hopefully they back the manager.....the hope, but as the saying goes.....""Being an Arsenal fsâ€¦ https://t.co/ye7gDnf4Gg",2,positive
429,ray1_huncho,,@chijioke_silva @oe_winnie @intrvted I don't like Chelsea but arsenal fans are not supposed to insult themğŸ˜’,2,positive
430,BTherewasluv,,@demtittiesavg Donald trump and Arsenal Hall when they first started working together...,0,neutral
431,MrMWB,"England, United Kingdom","We have to beat one of Utd or Arsenal and also pick up at least 6 points from Palace, Everton and West Ham If weâ€™reâ€¦ https://t.co/yoIXdVSUcG",0,positive
432,dermotbryers,London,"Four more wins reds. Brighton, Burnley, Newcastle and Chelsea. Arsenal can have a point. 102.",0,positive
433,genadamedia,"New York, NY","Video: Wolves v. Arsenal | PREMIER LEAGUE HIGHLIGHTS | 7/4/2020 | NBC Sports
https://t.co/jl744Gyfyh",0,neutral
434,MajorDamo,"London, England",@DaleyAFC @Arsenal This should be the name on his shirt for the next game,0,positive
435,Komfortkay,Lagos,@Arsenal Congratulations Pepe,0,positive
436,350k4whatMesut,,Out of these two was the better player in the Premier league era Henry or Ronaldo #arsenal #PremierLeague #ManCityâ€¦ https://t.co/3EIAiQvigd,0,positive
437,JtTwiz,,@thatguyjme @Mojakx @SkySportsPL Ffs ğŸ˜‚ and heâ€™s scored against Wolves who are above Arsenal and Sheffield who are above Spurs ğŸ˜‚,1,positive
438,UtdOtfd,dub land,@Arsenal Someone had to deliver when he wasn't tbf,0,positive
439,douchebagscott,Johannesburg South,Arsenal actually have a bright future. I'm excited,3,positive
440,kwame_kels,,@spacevice @zigmagh @garyalsmith Arsenal Brand????...they are not even the top football brand in london..Atletico hâ€¦ https://t.co/vwLtx3HaSF,0,negative
441,tjfawei,"Port Harcourt, Nigeria",@Daralohi 20 years of supporting ARSENAL. Gunner for life,0,positive
442,Murad4744,,@FTalentScout @Arsenal @CharliePatino10 Can you tell me some names the most talented from arsenal,0,positive
443,afcevan,Emirates Stadium,@Arsenal SIGN HIM UP SIGN HIM UP SIGN HIM UP,46,neutral
444,winksoko,On the move,@Arsenal Bout time he did something productive,1,positive
445,ousseydi,,@King_KT3 You support Arsenal. Why are you talking? ğŸ˜‚ğŸ˜‚ğŸ˜‚,0,positive
446,Hxnz99,"North West, England",@d_granberg @UtdJL @ftblleww @utdreport Rooney was bullying peak Arsenal in the worst Everton side of the past 25 yâ€¦ https://t.co/kPI4Slg7V5,0,negative
447,BobtheRed1,England,@Tom_Kingsley Utd arenâ€™t as consistent as us by a million miles. Theyâ€™ll need to improve by 25 pts. Thatâ€™s not goinâ€¦ https://t.co/vaxdFdtjeg,0,positive
448,SimpleEfficace2,,@thfcgunny @thfcseth @zayftbl I think heâ€™s an Arsenal black ops agent,1,positive
449,AamirHossain_,,@Arsenal FB ğŸ’¯ only for ft,0,neutral
450,No_one_cares42,,"@afc3mily Arsenal

The mugs",1,neutral
451,ogbeni_daegee,"London, England",@Maheel_Arsenal LMAOOOOOOOOOOO why na?,1,positive
452,FalsoNueve9,,Shocking. The professionalism in this sport is at its lowest https://t.co/x48SZywkvL,0,negative
453,QhiksYT,United States,@ftDicy @ftDerpy i found that like 3 months ago &amp; since then i havenâ€™t looked at arsenal the same again,0,positive
454,Chris8698_,"South Coast, England","kdb getting more desperate for this assist record ğŸ˜­ğŸ˜­

heâ€™s still claiming the one vs arsenal couple weeks back ğŸ’€ğŸ’€ iâ€¦ https://t.co/T0bf8x1PhK",1,positive
455,esewanny,,@wilsonl44923247 @Arsenal @Aubameyang7 @premierleague @OficialCedric Good to hear that...,0,neutral
456,CFCMaxxx,,@SpursIad Youâ€™re lower in the table than arsenal ğŸ˜‚,0,neutral
457,GeorgeMartrix,,@BanditesYT @BanditesYT can you 1v1 me myusername is AlexZoeCone i would love to lose from a popular arsenal playerâ€¦ https://t.co/KqLH7tWihp,0,neutral
458,AamirHossain_,,@Arsenal FOLLOW ME PLAYERS I REALLY REALLY NEED YOUR SUPPORT I WILL FOLLOW YOU BACK ğŸ’¯ TRUST ME @AamirHossain_,1,negative
459,Bryce39877958,,@SteveWa92027601 @SouthamptonFC U go for Arsenal ğŸ˜‚,0,neutral
460,stobrone,"Stoke-on-Trent, UK","@elianwilliams3 @MattHDGamer Probably, City will reinforce big time unless theyâ€™re banned from the CL. Chelsea haveâ€¦ https://t.co/S4o2eCvUOW",0,positive
461,jacobblackdee1,"Port Harcourt, Nigeria","@theolaoflagos_ Barcelona, Arsenal and Man-U. even if they are sharing extra lives there, I will never support them",0,negative
462,AFCAmira,,@AFCAbiyu @EduardoHagn Arsenal peaked with peng players. We're coming for you Liverpool,0,positive
463,anthonyince5,Boscombe Bournemouth ,@GalaxyKitten1 @maplesyrupz @JonathGalin Playing arsenal ğŸ¤ªğŸ¤ª,1,positive
464,_Mwakisaghu,"Nairobi, Kenya",@Arsenal Pepe assisting in both ends my winger,0,positive
465,yusufseteha,The end.,@toxichuskk @Tim78663879 @premierleague @curtisjr_10 @LFC lool literally every season its a 2 horse race. back thenâ€¦ https://t.co/rrbPGyeKws,1,positive
466,simplywandy,"Lagos,nigeria","The guy dey score every where sha,on and off pitch. Well done on been a grand father Arsenal https://t.co/ZrEJdcrHeZ",2,positive
467,ZaidSafarQ8,Kuwait,"@CFC_3ddie @Goonerstalk1 Literally past 4 tweets have all been about arsenal. Iâ€™ll say it again, obsessed",1,positive
468,LiamHanley15,,@FTalentScout @Arsenal @CharliePatino10 The academy is starting to fruit at last!! Some really exciting prospects,1,positive
469,karthic04,,"@EduardoHagn Emi Buendia ....must buy. EPL proven , low wages , young player who can improve further , can play mulâ€¦ https://t.co/XMBAa6iX2C",0,positive
470,Ruthsteph101,Akansas,@Arsenal Congratulations,0,positive
471,winksoko,On the move,@Arsenal @LacazetteAlex All for him to be worse than 18 year old Mason Greenwood,0,positive
472,Bofferinq,"Helsinki, Suomi",Can't stream arsenal for 4 days due to account age restriction  at least on my twitch acc (min. 7-10 days or so),1,neutral
473,its_Dangata,"Abuja, Nigeria",@Arsenal I now understand @BukayoSaka87 celebration yesterday,0,neutral
474,mistermends,"Greater Accra, Ghana",GIVEAWAY: Will be picking a random winner on the day of release of the new Arsenal 20/21 shirt. Retweet and followâ€¦ https://t.co/k0cYkbhAo0,0,positive
475,6ix9ineView,,@afcdominic @lfcbaiIey @BraydenFNews @JamesProbets Arsenal season highlights 2019/2020 https://t.co/aO4pXnw4gB,2,neutral
476,fidelis_iv,,@Chukky_0 I donâ€™t want Arsenal to do it abeg,0,negative
477,Drsurajkaranje,no where to be found,@MikeLUHGv7 Lol Jose's team is behind Arsenal and Liverpool hth,0,positive
478,Chrsmo,Norge,"@myworditslongy @AVFCTransTweet He is fairly slow and not great in the air, but he has shown, both here and in Belgâ€¦ https://t.co/SLivND9JXQ",0,negative
479,AfcWilddog,,@FTalentScout @Arsenal @CharliePatino10 Do you think he can make it to the Arsenal squad?,0,neutral
480,oe_winnie,,"@chijioke_silva @intrvted Shut up please ğŸ˜’
I don't understand how an arsenal fan will tweet this",2,positive
481,iceymusto,"Accra,Ghana,West Africa,Africa",@jgisnotabagsman @Captaindu77 @TylerAFC97 @ftblChrisTHFC @Arsenal Never,1,neutral
482,ArsenalFC_fl,"London, England",Dealing with Adama Traore was never going to be easy but Arsenal got the job done https://t.co/kZ633juXpL,25,positive
483,wilsonl44923247,"Los Angeles, CA","@Arsenal Arsenal board should not try selling lacazette. Guendozi,mustafi and ozil are there. If Aubameyang need toâ€¦ https://t.co/y9s1DNMVp6",1,positive
484,olamidi8,,"@Bet9jaOfficial Man City 
Man u
ARSENAL
Chelsea",0,neutral
485,jonas_afc,,"@AFC_Tobi Agree, if villa would except 30 m then Arsenal should pick him up.ğŸ™Œ",0,negative
486,Jo360Degrees,Nigeria,@pamelamodella @footballitalia Arsenal are losers. Why should he go and waste his time there?,0,negative
487,LukeAFC86,Haverhill,@CraigyEstlea Or what I should say is the difference in how the media portray United compared to Arsenal this year ğŸ¤·ğŸ»â€â™‚ï¸,0,positive
488,ftbl__szn,,@Mojakx @thatguyjme @SkySportsPL You're counting Arsenal as a big game ğŸ˜‚,0,positive
489,OdegaardEsque,,@FTalentScout @Arsenal @CharliePatino10 Should be 10/10 in your ranking,1,positive
490,tuusmanj,Greenwich,@Arsenal He is always been a top playercfor beloved arsenal fc.,0,positive
491,frxmmithian,,Liverpool would still be above Arsenal even if all the points Liverpool won away from home were removed,0,positive
492,PeterHoss,,"I did this decode before game started, late upload. Arsenal won the +.05 goal line bet. https://t.co/BFuvQbQe9J",0,positive
493,speaks10,Nigeria,@Arsenal @premierleague @BukayoSaka87 What a goalğŸ’ªğŸ’ªğŸ’ª,0,positive
494,HayZe032,somewhere sha,@iam_clive @EbukaMeansGreat @Arsenal You see? I didn't even have to say which... you figured it out,0,positive
495,thelarrygold_,"Dubai, United Arab Emirates","@Sugamite2 @cooljaj @Phemmylegacy @KemiOlunloyo @Facebook U dey mind dem, like say their generation get half of wetâ€¦ https://t.co/FNWSH8Ln6m",1,positive
496,thatguyjme,,@JtTwiz @Mojakx @SkySportsPL But involves arsenal and Tottenham who are mid table at best,3,positive
497,roolaing,Scotland,@acjimbo @Zonal_Marking @danielstorey85 @MattDaviesAdams @TheTotallyShow Arsenal seem to actually be... Good. Lessâ€¦ https://t.co/biL3clxKLq,0,positive
498,DionMyers15,"Harare, Zimbabwe",@UmaliCameron @anesumlambo99 you just *hate* Arsenal ğŸ’€,0,negative
499,satwetwe,Ghana,"@DCfromN17 @AFCTweets2017 @DTathletic @David_Ornstein OnyÉ› gbemi,you know the no of years Arsenal has featured in CL. Stop hating",0,positive
500,Aladin45922836,Multi ğŸ‘‰ ğŸ‡³ğŸ‡¬ ğŸ‡¨ğŸ‡¦ğŸ‡ºğŸ‡²,"@Arsenal Great.. Time to become a mother next..
Deliver some goals âš½ âš½ âš½",0,positive
501,canandcockpod,,"NEW EPISODE - MIND THE GAP 
@jasonphillips10 and @MPDaltonTweets discuss Arsenal's resurgence, Tottenham's decline,â€¦ https://t.co/1dDIsy8TPe",1,positive
502,Sh4matic,North London,@Arsenal Congratulation red Pepe,0,positive
503,darrenneal93,,@DeanBrett62 @InfidelNumber19 @Jamesy34766993 @BrianMilne80 Hate to agree but arsenal invincible team would beat thâ€¦ https://t.co/DUb6rYMUKt,1,positive
504,akgrafix_,Benin | Lagos,"40 points above arsenal,34 points above man united if you add both together Weâ€™d  still be 15points clear championsâ€¦ https://t.co/i7mZSkXZFX",0,positive
505,StaycMaria,South LDN,Idiot . Obviously an arsenal fan lmao https://t.co/JjYrQ1QsNq,1,neutral
506,hassan_iqbal_96,Bradford/Bedford,"Tbf I wouldnt even mind him Edouard at Arsenal, wouldn't cost too much and has loads of potential https://t.co/RpL2VPiMZl",0,positive
507,TomLever1,"England, United Kingdom",@SANTINO_254 @AFTVMedia But if you want a top player and Liverpool City Chelsea United also want that player you wiâ€¦ https://t.co/8DIHAr1Ylt,0,positive
508,PGSuper25_OV,"IN, KY, OH, WV",Hayden Collins 2022 Lexington Christian Academy - breaks the scoreless tie in the top of the 3rd with a 2 out hit tâ€¦ https://t.co/iPhERtwLuq,1,neutral
509,afaboronome,,@versarchiee @Carefreerob_ @AFCoscar @TylerAFC97 @SxmmAfc @wav3Mo @goal Arsenal is no longer a big club stop livingâ€¦ https://t.co/PyBGFEe5KH,1,negative
510,FTalentScout,,"Another superb product of Hale End - @Arsenal youth academy, brilliant 16-year-old midfielder - Charlie Patino!â€¦ https://t.co/qh0yoLWn6v",84,positive
511,olori_blessing,"Oshogbo, Nigeria",@Adexnelson @Arsenal Forever,0,positive
512,ChristianaJoy,"Lawrence, KS","Wow, scratch J.K. Rowling and you get every single damned TERF talking point in the arsenal. https://t.co/HemSHkL5W1",0,neutral
513,jaipreetsingh01,,"@chirag_manutd Arsenal will beat Leicester..and then we will beat Leicester on final day

#COYG",0,positive
514,Akinya_OD,Nigeria,@Kingsglaive90 @Arsenal Congratulations ğŸŠ,0,positive
515,LFCOxlade,,@AFCMo__ @Arsenal @premierleague @BukayoSaka87 Even Jones has 1 goal and heâ€™s never startedğŸ˜‚ğŸ˜‚,0,positive
516,Godwinchigoziri,Kursk State Medical University,@Curtis_peprah More like an Arsenal syndrome affecting man utd fans ğŸ˜‚,1,positive
517,Datarsenalfan1,,Give Pepe Jr a 5 year deal now.ğŸ˜ https://t.co/qMwahdiY7D,0,positive
518,McCartney000,Hogwart - Abuja,@Adexnelson @Lyriicalwizzy @Arsenal Better move to chelsea,0,neutral
519,gore_nico,in My House,@Eric__THFC @afcliv This bitch Supports arsenal,0,neutral
520,young_xon,over|the|ğŸŒ’|Ibadan,@Arsenal Daddy pepe,0,neutral
521,zaga_Nam,Namibia ,Guy is scoring on and off the pitch ğŸ¤­ğŸ¤­ğŸ¤­ğŸ¤­ https://t.co/eZuSiAa4kg,3,positive
522,NoelNim1,"Bauchi, Nigeria",@cuppymusic Itâ€™s suppose to be â€œtill death do us pathâ€ but youâ€™ve betrayed usğŸ’” @cuppymusic @Arsenal,0,negative
523,isaac_anyama,Nigeria,"@Arsenal Congratulations, ECOWAS RIVALDO @Elcrucifixio",0,positive
524,sexykingsolomon,Nigeria,@Arsemems @Arsenal Congratulations ğŸ‘,0,positive
525,saxstrowski,"Chicago, IL",@RussianHaQer @burcham_don @bobbyreports @madJDMtyte @GrannyGrump42 @fedtuedeed â€˜facts hurt feelingsâ€™ where does yoâ€¦ https://t.co/Uy7rY9qVM3,0,neutral
526,PW57WHU,Somerset / Poitier Charente,Watford Norwich H Newcastle H WHU A Man City H Arsenal A 4-5pts,0,neutral
527,naijassador,Worldwide,Banky W Mocks DJ Cuppy For Dumping ArsenalÂ FC https://t.co/LQixBGTCHJ,0,neutral
528,adpalzcom,"Novato, CA","11/3 America Votes
11/4 Trump Wins. America Wins!

Concerned about Monday 12/14. That's the last gasp that the DS câ€¦ https://t.co/KJLCw06dtb",0,neutral
529,tuusmanj,Greenwich,@Arsenal Congrats Pepe on your becoming a father. Good health to mother n baby to the glory of God,0,positive
530,footysfocus,,"@NenyeChelsea Nahh man Arsenal have been smashing teams, I do feel they will just get ahead of Burnley this season... Credit to them ğŸ‘ğŸ¼",0,positive
531,edeemann,"Lagos, Nigeria",@Arsenal Congratulations to him but heâ€™s a flop,0,positive
532,sashaamalik,UK,"@afcdominic @sinnertrynawin idk what youâ€™re trying to say here pal but you support arsenal, sit this one out",0,positive
533,Ak138065616121,"London, England",@jeremmmyp @lewis_willson @royobalony @MarkAshIey @ftblChrisTHFC @Arsenal Made the right choice,1,positive
534,messistopher,,"@afc3mily' United
Arsenal
Chelsea
City
Liverpool
Spurs",0,neutral
535,TitanAnderson1,"San Diego, CA",@DROYJohnson @Brown1arthur @ochocinco Mostly yes. But I've added reaction videos to my arsenal lol. I see ur a bearâ€¦ https://t.co/0JcrwD2nSi,0,positive
536,soopaeagle,,Tyrone Mings...would you take him at Arsenal?,0,neutral
537,JoanOzil,Dar es salaam Tanzania,@Arsenal Congratulations Pepe for scoring on and off the pitchğŸ‘ğŸ‘,6,positive
538,SteveWa92027601,,ARSENAL ARE BETTER THEN SPURS AND MAN UNITED,0,positive
539,OleBall99,"Depressed, want football back",Arsenal fans really stinking up mentions https://t.co/0Ga00qrj7C,0,negative
540,Officialnafdac1,"Lagos, Nigeria",@Wallace_72 @thecableng @Arsenal @premierleague @tundeglasses Is a Yoruba way if you notice!,0,neutral
541,lanesralol,,"Although I respect (most) fans, til matchdays ofc.. I need more Arsenal fans on here, wya #Gunners ? #GainSZN #FT",1,positive
542,__Mayowa_,In your tea,"@TheJudahMartins Only Liverpool, mancity, Chelsea, leicster, man u, wolves, Sheffield, have managed a higher position than arsenal",0,positive
543,NagareMochii,Latveria,Arsenal with Lacazette https://t.co/hPJp4Nj2Ws,1,positive
544,jeremmmyp,Fulham,@Ak138065616121 @lewis_willson @royobalony @MarkAshIey @ftblChrisTHFC @Arsenal Left him when he was a child,1,neutral
545,Ozil_and_pepe,,"@afc3mily ğŸ¤”thats tough
United
Arsenal
Chelsea
Pool
City
Spurs",0,neutral
546,moosman81490877,,@Arsenal How can pepe jr sign if we dont know if it's a boy or girl,0,neutral
547,Goonerlel,,@Arsenal Well done Mrs Pepe. ğŸ˜,0,positive
548,claudewuAFC,"Hong Kong / Hendon, London","@Arsenal Nico with the 3rd goal, Wolves 0-3 Arsenal.",12,positive
549,Twitugal,,"ğŸ‡¬ğŸ‡§PL : #Liverpool-Aston Villa 2-0 (FT)

#Updatedâœ…
ğŸ‡©ğŸ‡ªKlopp needs 1âƒ£1âƒ£Pts in the last 
5âƒ£Games to enter the ""CLUB 100â€¦ https://t.co/EBX7F8ARuO",5,positive
550,Boo_1982,,@Daz7AVFC We need 10pts maybe 9. Thatâ€™s the best way to look at it mate and if you can see which games are winnableâ€¦ https://t.co/ryMEFtNwfh,0,positive
551,CFCfadz,,Arsenal fans when Pepe does one step over. https://t.co/XjEXbgN1GN,7,positive
552,1HawaiiBoy,w3w.co/crispier.outdoor.dole,"Iâ€™ll just say this, then shut up on politics for now. Trumpâ€™s limited arsenal for response to any challenge is to aâ€¦ https://t.co/0gx9PrfXKW",0,neutral
553,DeanBrett62,Tranent,@Jamesy34766993 @InfidelNumber19 @BrianMilne80 Please behave yourself mate! That arsenal squad individually qualityâ€¦ https://t.co/TTKsUIoaGp,1,positive
554,_sakalinho,,@TheDanglestein Daniel James? Nah how tf is he related to Arsenal my man,0,negative
555,100evS,,"@Vintage_Utd Since the restart you are playing only vs  dead food, you have more rest  than any other team betweenâ€¦ https://t.co/IB3naCjSBO",0,positive
556,FaboadeGabriel,,@cuppymusic I could even say you were a badluck to Arsenal team because ever since you left they have been winning ğŸŒš,0,positive
557,PRATIKPAUL__,"Kolkata, West Bengal, India ",@mcfcyuv Nasri played for Arsenal. Messi didn't. ğŸ‘ğŸ½,2,neutral
558,markmae66,Wisbech Cambridgeshire,Talkshite Arsenal back in Champs League running wtf are they on abt 6 points behind Utd 8 behind Chelshit got Wolveâ€¦ https://t.co/33KdzXQaBx,0,positive
559,mistermends,"Greater Accra, Ghana",GIVEAWAY: Will be picking a random winner on the day of release of the new Arsenal 20/21 shirt. Retweet and followâ€¦ https://t.co/jvduxZ0woK,0,positive
560,cabinetgarlic27,Dave ft Burnaboy | Khalid,@TheFergusonCode How come arsenal is second? I thought they always lost?,0,negative
561,KhaledKhiat21,,"@Mobyhaque1 I didn't like his game vs Arsenal
He doesn't know how to play with his back to the goal
Diogo Jota offeâ€¦ https://t.co/0Zoc2smrwl",0,negative
562,i_ARNAB_oNL9,KOLKATA,@Arsenal Congratulations ğŸ‰ğŸ‘,0,positive
563,olaoluwapaul,"Abuja, Nigeria",@salem3fourfour Arsenal gave me money yesterday 3.34 odds... abeg rest,0,neutral
564,froggett_tom,,@PepenelliV2 @Arsenal Im not far off 200 followers. We making moves https://t.co/JjzL7xbMK4,0,positive
565,lewis_willson,,@Ak138065616121 @royobalony @MarkAshIey @ftblChrisTHFC @Arsenal Ran away,1,neutral
566,AFTVMedia,"London, United Kingdom","Arsenal Twitter, do your thing ğŸ‘‡ https://t.co/MHDRVcyR5Q",161,neutral
567,armandodearmas3,,"@drchristianlee @MonaB3541 @ASlavitt @OSHA_DOL If the arsenal of democracy is not at work, that must mean democracy is dead.",0,neutral
568,shnicomd,,cheers guys https://t.co/zKYHuQgArN,1,positive
569,Arsenal_Fanly,England,Ramos: Real Madrid's La Liga bid nothing to do with refs #ArsenalFC  https://t.co/nPTdJeKRjO https://t.co/POIhOFBbmX,0,positive
570,Arsenal_Fanly,England,Former Nottingham Forest footballer Derrick Otim drowns in the U.S. #AFC  https://t.co/YWRgKbBqLA https://t.co/1TInnkyp2I,0,negative
571,SoloCalcio5,Italy,@fasasisanchez @victorosimhen9 Yeah like his colleague PÃ¨pÃ¨ that preferred the millions at Arsenal and did us a favâ€¦ https://t.co/PMOG7Eahzs,1,neutral
572,tripalavra,Mundo,"@Arsenal We need to win big games and titles! Winning Games, when the championship is done, is another history.",0,positive
573,PatrickMattes2,Chicago,@Arsenal Leadership moments like these are transforming Mikel Arteta from Arsenal FC manager into The Arsenal Gaffeâ€¦ https://t.co/sxTuC2CwIi,0,positive
574,dooljr13,,"@Arsenal Nico Papa @Arsenal ğŸ˜ğŸ˜ğŸ˜‰ 
Goal and assist Coming against sp*rs.",0,positive
575,jesseonemic,"Port Harcourt, Nigeria",@Arsenal That means next season is going to be fire ğŸ”¥,0,positive
576,1971Smith,,@horseshoeantics @TFrenchican @matthewargent_ @Arsenal He helps our attacking players thrive. Xhaka does all the diâ€¦ https://t.co/dMx5cRJGwo,1,positive
577,Crunch1x,World,@ltarsenal @David_Ornstein @theconv3rsation Arsenalâ€™s biggest problem is cultural.  This may be an example of talent losing to culture.,0,negative
578,Adiya4you,"Ibadan, Nigeria","@Adexnelson @Arsenal I left this WhatsApp groupğŸ˜‚
Arse.....what?",0,positive
579,BKimera,Uganda_Kampala,"List of overrated football clubs:
1) @LFC 
2) @ManUtd 
3) @Arsenal",0,neutral
580,rvp_sunny,"Dhakuria,kolkata","@MiguelDelaney There's something called squad depth
Grealish would improve our team so much
Our back up is Andreasâ€¦ https://t.co/UpiHUFsfmG",0,positive
581,QadiRaw004,,@goal Arsenal,0,neutral
582,CAdede,"Asembo, Kenya",When this season started I thought @Inter would challenge @juventusfc for the @SerieA title. This was due to the reâ€¦ https://t.co/rnPBHUuUAP,1,positive
583,uglypajeet,,"@Daniel_Nduka_ but mkhitaryan had 8 goals and 8 assists in 36 premier league games for arsenal, is that even bad statistics ?",0,negative
584,archythegoon,"South West, England","@ftblChrisTHFC @Arsenal Fuck me mate were still waiting for your boys to deliver after 61 years, lol and no the audi cup doesn't count ğŸ˜‚ğŸ˜‚ğŸ˜‚ğŸ˜‚",0,negative
585,AlbionAnalytics,,@RobertKnudson42 @fbref Data with crosses is incredibly objective - cross accuracy is purely based on if a teammateâ€¦ https://t.co/ALi4rRs6UD,1,positive
586,pjeary,Falkirk,@darrenneal93 We have Man Utd (H) palace (H) Everton (A) arsenal (H) West Ham (A),0,neutral
587,Adambrooks2109,"South West, England",@MarcClimpson @xFUTBetsPS Just brought into smith-Rowe. Apparently did really well at Huddersfield and if he can geâ€¦ https://t.co/x2FJOEmsKx,0,positive
588,PhilippeServe06,,@UWCL @NaddelKe @FCBfrauen @GlasgowCityFC @ArsenalWFC @OLfeminin @VfLWob_Frauen @FCBfemeni @PSG_Femininesâ€¦ https://t.co/vUYq2BffTC,0,neutral
589,justclassreally,UK,Thomas Partey does not want to clash with Atletico Madrid hierarchy &amp; wants his transfer to Arsenal to be completedâ€¦ https://t.co/JY9w0PtMpf,7,positive
590,IR_CySGOd,,"How to beat SSG's 100% win rate defense on Church/Arsenal in Clubhouse?
https://t.co/kzEf8JcaXL",0,neutral
591,wilsonl44923247,"Los Angeles, CA",@esewanny @Arsenal @Aubameyang7 @premierleague @OficialCedric Doing good,0,neutral
592,honzaja77,,@Thomaspartey22 @EMYAfrica Come to Arsenal King,0,neutral
593,UptownGooner,,"Lee Gunner is the only Arsenal fan I have absolutely zero interest in hearing anything from

Others annoy me but asâ€¦ https://t.co/0KMvDtRSup",4,negative
594,carefreecfc1066,"South East, England",@tone87zeb Defo arsenal fans from aftv.,0,neutral
595,keppy_,"Pittsburgh, PA",@MCFCTone Really hoping he starts vs Arsenal and Madrid as well.,1,neutral
596,GenZ17196689,,"@LFCOxlade @Arsenal @AFCMo__ @premierleague @BukayoSaka87 Now retweet without masturbating

Tak",0,neutral
597,niyiadetokunbo,"Lagos, Nigeria","Kieran Tierney is becoming a fans favourite at @Arsenal, a player with passion, a sure future captain.

Anybody agrâ€¦ https://t.co/793Y9OzgsK",1,positive
598,Onke_Mweza,"Pretoria, South Africa",I think Arsenal should make a play for Grealish. With Villa facing relegation he'd probably want to leave that sinking ship anyway,0,positive
599,deemonch,Dereham,@Arsenal Welcome to the club Pepe,0,positive
